team_year,year,team,team,region,seed,finish,conference,logo,color_main,color_secondary,color_alternate,ovr_rating_bpi,ovr_rating_kenpom,ovr_rating_miya,ovr_rating_torvik,wab,off_rating_bpi,off_rating_kenpom,off_rating_miya,off_rating_torvik,def_rating_bpi,def_rating_kenpom,def_rating_miya,def_rating_torvik,efg%_off,ftr_off,reb%_off,to%_off,efg%_def,ftr_def,reb%_def,to%_def,2p%_off,3p%_off,eff_off,ft%_off,2p%_def,3p%_def,eff_def,ft%_def,true_tempo,10pt_runs_per_game,10pt_runs_conceded_per_game,10pt_runs_total,10pt_runs_conceded_total,experience,height_eff,size,bench,adj_tempo,tempo_kenpom,adj_tempo_kenpom,point_dist_ft_off,point_dist_2p_off,point_dist_3p_off,point_dist_ft_def,point_dist_2p_def,point_dist_3p_def,pos_point_dist_1,pos_point_dist_2,pos_point_dist_3,pos_point_dist_4,pos_point_dist_5,pos_reb_dist_1_off,pos_reb_dist_2_off,pos_reb_dist_3_off,pos_reb_dist_4_off,pos_reb_dist_5_off,pos_reb_dist_1_def,pos_reb_dist_2_def,pos_reb_dist_3_def,pos_reb_dist_4_def,pos_reb_dist_5_def,rank_ovr_miya,rank_off_rating_miya,rank_def_rating_miya,rank_ovr_rating_kenpom,rank_off_rating_kenpom,rank_def_rating_kenpom,rank_eff_off,rank_eff_def,rank_point_dist_ft_off,rank_point_dist_2p_off,rank_point_dist_3p_off,rank_point_dist_ft_def,rank_point_dist_2p_def,rank_point_dist_3p_def,rank_true_tempo,rank_adj_tempo,rank_injury,rank_home,rank_height_eff,rank_experience,rank_bench,rank_size,rank_height_1,rank_height_2,rank_height_3,rank_height_4,rank_height_5,rank_pos_point_dist_1,rank_pos_point_dist_2,rank_pos_point_dist_3,rank_pos_point_dist_4,rank_pos_point_dist_5,rank_pos_reb_dist_1_off,rank_pos_reb_dist_2_off,rank_pos_reb_dist_3_off,rank_pos_reb_dist_4_off,rank_pos_reb_dist_5_off,rank_pos_reb_dist_1_def,rank_pos_reb_dist_2_def,rank_pos_reb_dist_3_def,rank_pos_reb_dist_4_def,rank_pos_reb_dist_5_def
2024 Purdue,2024,Purdue,Purdue,Midwest,1,In Progress,Big 10,,#FF9E25,#FFCA88,#FFA22E,16.8,28.6925,28.07241415,0.972992494,5.143493099,10.6,123.65,17.88431991,124.9877999,6.2,94.9576,10.18809423,91.51850707,56.8,40.4,36.6,17,46.7,23.4,24.3,15.3,55.1,39.8,118.602,72.1,47.1,30.8,97.1772,69.8,69.47642018,0.882352941,0.294117647,15,5,2.34304,3.04,78.17,32.63,71.1,71.1245,68.3989,20.41522491,48.44290657,31.14186851,14.89001692,51.60744501,33.50253807,19.59,19.98,15.34,15.39,29.64,6.35,5.04,17.11,24.38,47.03,20.91,11.55,14.01,20.15,33.32,2,1,9,3,2,22,8,51,104,246,159,340,153,78,191,175,2,15,1,81,163,39,257,267,126,49,1,221,174,315,307,4,240,341,174,203,32,18,343,331,269,29
2024 Tennessee,2024,Tennessee,Tennessee,Midwest,2,In Progress,SEC,,#FFC479,#FFBB65,#FFAF4B,14.9,25.2712,24.11524629,0.934049675,2.336885322,6.3,116.733,10.94293072,115.1590922,8.6,91.4621,13.17231557,91.45300255,51.2,32.6,33.6,15.8,43.9,37.8,26.9,18.9,51.7,33.7,111.488,77,42.5,30.8,93.012,69.9,70.37500021,0.6875,0.1875,11,3,2.77829,0.4,76.88,30.31,70.8,70.7414,70.2164,19.69817315,47.18030183,33.12152502,23.10606061,45.64393939,31.25,16.27,18.26,23.53,20.04,21.81,6.97,11.76,13.57,25.38,42.26,12.51,14.68,18.16,27.52,27.07,5,19,2,8,20,4,61,12,140,286,102,29,327,143,134,84,5,39,115,22,216,218,324,201,165,166,87,300,242,58,169,105,216,169,253,186,92,255,265,218,65,132
2024 Baylor,2024,Baylor,Baylor,Midwest,3,In Progress,Big 12,,#FFAE48,#FFEAD1,#FFC173,13.3,22.5877,18.84584972,0.901515672,2.794397242,10.7,121.419,14.95279766,120.6230104,2.6,98.8315,3.893052058,99.49751555,58.5,37.5,35.5,16.4,48.6,30.6,28,18.2,54.4,43.7,122.997,74.1,50.7,29.6,98.7499,73.1,68.99192551,1.066666667,0.133333333,16,2,2.1878,1.39,78.14,33.55,69,68.9509,67.7272,19.20374707,47.77517564,33.02107728,18.70155039,56.58914729,24.70930233,22.41,19.41,22.71,15.56,19.74,7.27,9.76,12.12,23.92,46.71,20.11,18.14,14.38,22.77,24.46,16,4,91,14,4,57,3,82,169,269,105,185,28,330,225,218,16,21,27,103,136,41,67,56,190,32,49,115,197,79,306,168,204,229,288,212,34,24,120,327,192,208
2024 Clemson,2024,Clemson,Clemson,Midwest,4,In Progress,ACC,,#FFC67E,#FFEFDB,#FFD299,10.3,17.6433,13.64299353,0.887108271,1.861243835,7.4,118.039,10.57704193,118.9156347,2.8,100.396,3.065951599,99.39980285,55.8,26.2,29.2,14.8,49.4,30.3,25,13.7,56,37,116.482,76.6,47.8,34.4,104.765,72.4,68.96587016,0.5625,0.375,9,6,2.65007,1.27,78.2,31.22,68.8,68.8234,67.2775,15.25291829,51.3618677,33.38521401,18.18181818,46.75324675,35.06493506,20.23,14.98,17.63,27.68,19.43,4.34,6.08,34.68,33.91,20.84,16.18,12.97,26.18,25.75,18.81,40,13,104,31,14,81,16,185,329,166,98,207,306,51,228,236,40,43,37,34,189,34,69,156,40,12,106,203,333,252,11,177,315,324,4,62,348,100,307,19,105,341
2024 Dayton,2024,Dayton,Dayton,Midwest,5,In Progress,A10,,#FFCD8D,#FFE9CD,#FFD29A,10.2,18.0996,13.48137525,0.882983411,3.204218091,6.8,118.753,9.274979408,120.288972,3.4,100.653,4.206395839,100.9028958,56.9,37.9,29,17.1,46.8,20.4,32.8,16.5,53.8,40.3,115.352,75.4,46.1,32,101.707,71,64.95247831,0.666666667,0.466666667,10,7,2.37649,0.54,76.96,24.3,63.5,63.5367,63.008,20.07266122,40.69028156,39.23705722,13.42975207,54.33884298,32.23140496,15.55,16.12,20.58,19.44,28.16,8.35,11.81,14.46,36.54,28.63,8.03,19.16,23.28,21.54,27.8,41,32,84,28,10,87,22,125,122,359,15,357,64,111,357,356,41,248,98,77,323,212,316,268,116,139,84,321,306,148,196,9,170,162,228,35,294,359,89,70,229,118
2024 Villanova,2024,Villanova,Villanova,Midwest,6,In Progress,Big East,,#FFC884,#FFD29A,#FFC174,10.9,18.1297,18.65587176,0.876612499,0.121359017,5.9,115.01,10.07813346,113.27782,5,96.8799,8.577738299,95.52086158,50.3,31.9,29.7,15.1,48.8,26.7,23.8,16.9,50.1,33.6,110.565,81.8,47.4,33.9,98.6774,69.9,66.84548192,0.733333333,0.533333333,11,8,2.9308,-0.31,77.83,34.64,65.7,65.7255,65.5355,20.6022187,40.88748019,38.51030111,16.04609929,48.58156028,35.37234043,17.78,19.01,21.83,23.92,17.47,4.24,16.13,17.62,37.6,24.42,11.99,16.83,19.33,29.04,22.81,18,25,24,26,38,38,72,80,96,358,22,307,259,44,327,310,18,322,216,17,113,72,37,16,145,109,305,263,211,107,59,243,319,51,157,23,337,277,174,179,37,264
2024 Colorado St.,2024,Colorado St.,Colorado St.,Midwest,7,In Progress,MWC,,#FFC378,#FFE9CD,#FFCC8D,7.4,18.2509,15.27145941,0.888675468,1.940816506,6.5,117.731,11.02149729,117.2624573,0.9,99.4798,4.249962116,97.88383215,58,33,23.3,15.1,50.2,28.8,27.4,18.1,60.2,36.1,115.579,75.9,49.9,33.9,102.158,73,68.72920702,0.785714286,0.214285714,11,3,2.3348,-1.22,76.48,35.05,68.7,68.7018,66.939,17.75784753,53.4529148,28.78923767,17.31160896,52.74949084,29.9389002,23.66,13.5,17.32,21.17,24.23,8.86,23.05,10.29,28.9,28.76,12.19,22.1,19.97,27.63,18,32,18,83,25,17,67,21,138,230,101,230,265,116,192,240,252,32,156,331,82,105,289,246,173,240,248,345,87,349,262,121,42,153,8,327,129,292,268,17,158,63,348
2024 South Carolina,2024,South Carolina,South Carolina,Midwest,8,In Progress,SEC,,#FFE6C8,#FFE3C0,#FFDEB6,5.8,12.0644,9.803539295,0.799826085,1.989040767,2.5,111.51,4.488285321,111.0425199,3.3,99.4455,5.315253974,98.4412913,50.9,32.1,34.8,16.4,46.9,31.2,26.6,16.9,51.2,33.6,111.546,74.5,45.1,33.8,98.1445,70.7,66.35905655,0.625,0.25,10,4,2.9029,-0.21,77.38,33.78,65.1,65.0512,64.1972,19.02313625,46.27249357,34.70437018,19.02439024,51.70731707,29.26829268,27.68,15.19,17.87,21.08,18.18,10.49,13.2,16.78,23.68,35.85,17.77,15.77,14.4,23.56,28.5,72,87,63,65,69,66,59,69,178,305,63,169,151,216,342,343,72,70,194,18,131,146,89,148,159,137,258,24,329,247,127,218,100,117,186,220,181,62,219,326,170,100
2024 Miami FL,2024,Miami FL,Miami FL,Midwest,9,In Progress,ACC,,#FFCE90,#FFEDD7,#FFD6A2,8.8,13.0313,12.43942488,0.849158353,0.364247963,6.7,115.554,9.044920359,116.1421303,2.1,102.522,3.394504523,99.93825253,57,26.9,29.5,17.5,48.9,19,27.7,18.2,54.5,40.7,114.599,78.7,53.4,29,99.4513,75.5,71.44243022,1.1875,0.5625,19,9,2.26119,-0.39,77.32,27.43,72.4,72.3774,70.8098,15.68334578,50.0373413,34.27931292,12.88927336,52.07612457,35.03460208,18.02,20.54,23.75,23.58,14.04,4.07,8.41,26.64,37.14,23.57,11.68,19.3,18.95,28.67,21.31,49,35,100,58,30,118,30,92,322,199,72,360,141,52,80,68,49,122,232,91,276,152,221,149,23,174,264,258,158,53,66,334,323,275,25,30,342,288,84,193,47,297
2024 Nebraska,2024,Nebraska,Nebraska,Midwest,10,In Progress,Big 10,,#FFD8A7,#FFE9CF,#FFDAAB,7.1,14.4923,11.25480123,0.836884412,1.117414671,4.7,115.778,7.176304681,115.427049,2.4,101.286,4.078496545,100.1275705,52.8,34.7,30.6,15.5,46.8,24.3,28.6,16.8,53.8,34.4,112.997,75.2,45.6,32.3,100.049,71.6,70.29961552,0.823529412,0.352941176,14,6,2.52982,0.16,77.45,36.82,69.7,69.5235,68.6883,19.83471074,44.77836213,35.38692712,15.65957447,47.82978723,36.5106383,20.85,17.2,20.95,20.17,20.69,7.53,10.2,27.12,25.08,29.89,14.01,16.54,19.29,21.88,28.12,59,46,86,49,27,95,43,102,133,332,52,321,276,22,137,151,59,79,151,48,62,131,171,142,101,123,182,179,267,134,164,138,195,220,20,196,277,179,186,180,220,104
2024 Oregon,2024,Oregon,Oregon,Midwest,11,In Progress,Pac 12,,#FFD197,#FFEBD2,#FFD6A3,7.1,13.7643,12.36702484,0.811098634,1.134371287,5.2,115.137,8.527329705,113.8673207,1.8,101.372,3.839695133,100.3158739,54.1,35.8,29,15,50.5,34.9,26.7,18.9,53.4,36.7,112.146,68.8,50.5,33.7,101.322,69.3,69.85141941,0.4375,0.125,7,2,1.9366,-0.71,76.41,34.99,69.9,69.8923,68.5189,18.57142857,50.47619048,30.95238095,19.31818182,52.0979021,28.58391608,20.91,18.43,23.31,19.62,17.68,7.37,7.88,15.34,21.29,48.03,12.02,16.36,22.09,19.77,29.71,51,40,93,53,35,98,53,119,194,185,166,157,139,236,171,168,51,115,278,160,107,299,228,261,313,347,134,175,234,69,188,237,202,287,214,263,21,274,195,97,283,73
2024 Saint Mary's,2024,Saint Mary's,Saint Mary's,Midwest,12,In Progress,WCC,,#FFE0BA,#FFD096,#FFCF92,10.3,16.3977,14.61968881,0.904434008,-1.009803744,3.4,110.44,5.650188912,110.9047471,6.9,94.0421,8.969499896,91.21666254,50,26.4,40.4,17.4,45.1,36.5,23.9,18.4,52.1,31.1,109.129,67.1,42.9,33.7,93.18,68.8,64.3325373,0.944444444,0.388888889,17,7,1.81813,1.21,78.57,26.56,63.9,63.8247,62.9718,15.01976285,55.33596838,29.64426877,21.75115207,53.0875576,25.16129032,20.92,20.86,15.12,19.03,24,2.68,13.14,14.22,22.37,47.5,11.42,12.23,21.8,29.34,25.12,35,75,20,39,82,14,90,13,336,65,203,61,106,325,359,357,35,88,45,182,291,14,24,46,30,46,55,173,147,324,211,47,354,120,233,249,26,298,327,112,34,184
2024 Samford,2024,Samford,Samford,Midwest,13,In Progress,Southern,,#FFDFB7,#F4F8FB,#FFEED9,4.5,9.13918,5.070941266,0.745031098,0.285302942,3.9,113.198,5.871439697,112.5653158,0.5,104.059,-0.800498431,102.5439532,57.5,31.7,34.5,19.6,49.8,39.8,31.9,22.7,54.8,41.1,115.321,73.4,48.9,34.1,99.7355,70.6,75.4180452,1.066666667,0.4,16,6,2.12357,-0.34,75.9,46.36,76.5,76.515,75.2905,16.82945154,47.33283246,35.837716,22.00873362,47.33624454,30.65502183,12.37,16.01,26.54,19.29,25.72,9.72,7,19.49,22.35,41.34,12.68,11.5,24.75,20.78,30.18,110,65,180,84,57,146,23,97,276,281,44,52,288,169,3,3,110,125,224,115,7,344,351,358,222,321,122,350,313,19,202,21,125,303,114,250,107,246,344,42,256,61
2024 Eastern Washington,2024,Eastern Washington,Eastern Washington,Midwest,14,In Progress,Big Sky,,#FFE1BB,#EEF4FA,#FFF1DF,3.8,4.01291,4.262436665,0.600069464,-2.280982996,3.4,110.499,5.508835347,109.0818996,0.4,106.486,-1.246398682,105.3002684,55.9,34.5,25.6,19.6,52.6,39.9,28.5,17.3,53.7,39,108.161,72.1,51.9,35.7,108.313,72.5,71.14949249,0.571428571,0.642857143,8,9,1.6151,0.53,78.03,33.85,70.7,70.742,70.1427,18.21596244,43.19248826,38.5915493,21.56133829,47.21189591,31.2267658,12.36,16.15,21.13,21.63,28.63,14.4,23.83,29.36,14.32,17.94,18.08,20.44,24.55,19.81,17.02,116,76,202,121,80,197,104,263,209,346,21,65,292,144,89,86,116,44,99,228,130,51,84,36,80,165,69,351,304,125,105,7,42,5,11,349,358,54,49,45,276,353
2024 Southern,2024,Southern,Southern,Midwest,15,In Progress,SWAC,,#C4DAED,#FDFEFE,#D7E6F3,-1.6,-3.74047,-6.764800988,0.462748782,-2.713053719,-2.7,100.233,-6.650879289,100.4453356,1.2,103.973,-0.1139217,101.757716,48.6,30.8,24.3,18,53.4,42.8,34.6,21.9,49.4,31.5,96.1218,64.6,57.7,31.2,105.225,67.7,72.40706927,0.384615385,0.692307692,5,9,0.820169,-1.57,75.72,41.17,71.5,71.6031,69.4218,17.00819672,51.63934426,31.35245902,21.36910268,51.43385754,27.19703978,14.85,30.9,15.17,17.42,21.45,10.76,8.55,6.89,25.51,47.94,14.83,19.34,18.92,18.94,27.76,269,315,172,212,282,143,307,196,269,157,151,72,160,285,43,119,269,19,351,338,18,351,298,282,347,359,294,334,3,321,262,109,89,270,356,184,22,150,82,194,303,119
2024 North Carolina Central,2024,North Carolina Central,North Carolina Central,Midwest,16,In Progress,MEAC,,#D4E4F2,#EDF4F9,#DBE8F4,-1.9,-6.35566,-6.130394002,0.279335001,-4.099134984,-2.1,100.265,-4.78621551,98.53879925,0.3,106.621,-1.344178493,107.0038176,46.2,39.7,28.6,17,49.2,37.7,35.2,18.4,48.7,28,99.3325,69.3,53.4,28.6,106.202,72.9,68.79490289,0.461538462,0.769230769,6,10,1.26806,-1.16,75.9,35.57,66.4,66.3214,67.2173,22.9527105,50.74971165,26.29757785,21.86147186,50.86580087,27.27272727,25.77,25.57,22.59,11.4,14.68,6.85,11.76,23.1,17.34,40.95,17.53,21.86,23.36,13.36,23.89,262,289,207,253,281,200,268,220,29,178,282,57,181,280,236,239,262,66,324,287,91,343,344,212,301,336,276,44,34,82,361,317,221,166,58,320,111,70,22,68,359,225
2024 Lafayette,2024,Lafayette,Lafayette,Midwest,16,In Progress,Patriot,,#9FC4E3,#FFF8EF,#C8DCEF,-7.4,-12.7292,-9.462935421,0.224138043,-8.791795956,-8.2,91.675,-10.75463937,90.94518899,0.8,104.404,1.291703949,101.3147498,44.6,23.8,23.8,19.2,48.3,30.5,30.1,17.7,46.9,27.5,88.7416,68.1,46,34.6,101.945,73.4,68.03257547,0.0625,0.5,1,8,1.33267,0.77,77.38,33.22,67.4,67.3609,67.3105,15.39267016,52.56544503,32.04188482,18.81818182,47.63636364,33.54545455,15.83,16.08,18.17,22.51,27.29,11.94,7.67,25.81,19.14,35.34,12.22,18.69,24.45,19.81,24.72,295,348,138,315,357,151,353,133,327,124,138,177,280,76,284,235,295,320,75,277,144,145,323,165,31,174,42,312,308,238,86,11,66,292,33,303,189,265,101,50,277,203
2024 Connecticut,2024,Connecticut,Connecticut,East,1,In Progress,Big East,,#FFAA3F,#FFDFB6,#FFB75C,14,25.393,21.91468821,0.929436867,3.42355871,10.3,123.295,15.73652219,123.2713302,3.8,97.9022,6.178166014,98.51489644,58.4,35.3,37.5,15.8,45.1,37,27.7,16.9,61.8,35.9,123.337,72.9,42.4,34.2,97.9929,71.4,67.07555105,0.882352941,0.235294118,15,4,2.36182,1.37,78.24,30.49,67.2,67.1743,65.1587,18.05949008,49.85835694,32.08215297,22.62118492,50.44883303,26.92998205,13.55,22.06,21.5,19.39,23.42,15.32,11.24,17.06,18.91,37.33,13.63,16.85,25.64,20.45,23.35,9,2,40,7,3,44,2,62,215,203,137,39,204,293,321,320,9,78,30,80,202,31,45,68,156,96,15,345,108,113,198,63,32,182,178,305,160,203,172,25,263,249
2024 Wisconsin,2024,Wisconsin,Wisconsin,East,2,In Progress,Big 10,,#FFC378,#FFDAAC,#FFC379,13.2,23.9904,18.03339625,0.91526418,3.326222573,8.2,119.719,11.00133792,119.0681103,5.1,95.7283,7.032058337,96.81166397,53,36.6,31.6,14.9,51.2,30.5,22.5,18.4,53.5,34.6,114.692,76.3,50.5,34.9,98.8373,68.3,66.41038437,0.4375,0.25,7,4,2.48832,1.89,78.39,29.69,65.7,65.7281,65.2071,20.8645054,52.70157938,26.43391521,16.92160612,51.24282983,31.83556405,14.43,18.31,27.07,19.47,20.61,7.48,8.63,12.7,35.03,35.99,14.37,17.14,17.42,22.39,28.52,20,17,39,9,6,27,27,84,88,120,277,273,170,124,340,319,20,169,14,52,233,22,113,79,63,26,9,341,239,15,194,139,198,268,274,47,176,168,160,247,206,99
2024 Duke,2024,Duke,Duke,East,3,In Progress,ACC,,#FFB65A,#FFD198,#FFB559,14.8,23.8638,22.26929199,0.903988233,1.546371814,10.1,119.69,13.51648241,118.8505105,4.7,95.8264,8.752809579,97.79563234,55.2,35.3,29.5,13.3,49.2,26.6,24.1,19.4,54.4,37.8,118.993,74.6,48.4,33.6,95.6014,69.3,69.2202261,0.8125,0.25,13,4,1.72741,2.01,78.13,28.93,69,69.0469,68.1981,19.28353659,51.2195122,29.49695122,15.79943236,51.8448439,32.35572375,19.99,19.27,16.72,20.32,23.6,5.71,10.54,6.52,41.02,36.05,11.95,17.76,12.49,22.49,35.17,8,5,18,10,7,30,7,33,162,169,211,316,144,108,213,185,8,93,10,206,244,44,89,188,190,11,17,206,201,287,159,61,272,205,358,11,175,279,134,353,203,11
2024 TCU,2024,TCU,TCU,East,4,In Progress,Big 12,,#FFCC8C,#FFD8A8,#FFC882,11.3,18.8418,16.73521403,0.876444543,1.18086764,5.9,115.94,9.368204225,116.1241572,5.4,97.0986,7.367009803,97.93423398,53.9,36.4,35.8,16.7,47.6,32.4,27.6,22.2,55.2,33.9,114.67,73.4,48.8,30.3,93.2945,67.7,72.38821546,0.875,0.25,14,4,3.30909,0.69,78.23,37.07,73,72.9812,71.9202,19.86607143,58.03571429,22.09821429,18.70967742,54.74654378,26.5437788,21.02,20.62,22.23,20.77,15.27,3.16,11.18,22.94,18.17,44.35,13.87,13.75,20.85,23.55,27.86,24,31,37,22,26,39,28,15,132,22,337,184,55,296,45,41,24,69,85,3,58,32,89,75,8,56,128,167,155,96,140,308,343,184,60,313,58,193,291,132,171,115
2024 Mississippi,2024,Mississippi,Mississippi,East,5,In Progress,SEC,,#FFD29A,#FFE8CB,#FFD5A0,6.2,11.388,12.71823458,0.799159316,2.369855373,4.5,114.206,8.284944891,114.3116886,1.7,102.818,4.433289686,101.3761308,53.4,34.7,28.7,14.7,46.4,27.9,34.7,18.9,50,40.1,112.15,73.6,46.8,30.5,100.543,71.6,68.53487488,0.3125,0.125,5,2,2.74746,1.81,77.73,25.5,69.2,69.1711,66.7753,19.3236715,50.72463768,29.95169082,17.71582734,51.79856115,30.48561151,21,23.29,18.18,23.95,13.48,3.25,9.53,17.91,30.31,38.84,11.92,16.28,18.99,26.54,26.14,46,42,79,70,44,120,52,112,158,179,190,236,145,176,249,258,46,81,16,26,306,87,282,79,226,172,3,169,79,236,57,344,341,237,153,102,134,281,202,192,84,156
2024 San Diego St.,2024,San Diego St.,San Diego St.,East,6,In Progress,MWC,,#FFD9A9,#FFD096,#FFCA88,8.3,18.5316,15.97112425,0.876770884,2.549754062,3,113.626,7.002270643,112.1362514,5.4,95.0946,8.968853604,94.54619439,50.7,39.5,29.5,15.5,46.9,32.4,28.4,18.1,51.6,32.7,108.512,72.1,49.4,28.9,97.8513,71.4,69.03348209,0.733333333,0.2,11,3,2.49078,0.58,77.67,28.91,69.2,69.2446,68.0823,21.92139738,50.30567686,27.77292576,19.78764479,49.80694981,30.40540541,15.69,18.26,20.66,23.27,22,6.54,10.79,3.71,31.6,47.13,10.24,17.58,23.97,25.19,22.88,27,51,21,23,50,23,103,61,48,193,253,125,224,179,222,191,27,73,91,51,245,96,287,23,50,38,193,315,243,143,73,102,235,196,362,90,29,329,144,55,122,261
2024 Creighton,2024,Creighton,Creighton,East,7,In Progress,Big East,,#FFBF6E,#FFCF93,#FFB962,14.9,22.4332,21.06426556,0.926924204,1.917076761,9.6,116.283,11.85318004,116.88525,5.3,93.8494,9.211085519,93.71802554,57.8,25.8,28.8,16.1,44.8,14.1,23.6,11.4,61.4,36,117.075,75.4,44.6,30.2,96.1926,73.9,68.63169773,1,0.176470588,17,3,3.02503,2.5,78.61,22.22,67.8,67.7841,66.803,14.42236939,46.50478293,39.07284768,10.40358744,65.11210762,24.48430493,13.31,19.06,25.35,17.08,25.07,5.48,5.83,11.16,27.38,49.94,12.41,20.7,27.4,16.89,22.47,10,11,15,15,25,13,14,37,350,303,17,362,1,335,245,257,10,178,4,10,345,13,121,133,39,8,6,347,209,31,270,30,282,332,309,157,15,261,45,12,335,273
2024 Boise St.,2024,Boise St.,Boise St.,East,8,In Progress,MWC,,#FFE8CB,#FFD8A7,#FFD8A8,7.7,14.412,11.66679083,0.854896811,1.133771645,3.5,108.941,4.206842373,108.2054566,4.2,94.5289,7.459948454,92.74105976,50.9,34.7,29.4,18,48,33.7,23,18,50.4,34.5,105.601,72.8,50.3,28.9,96.2527,71.1,69.03288873,0.428571429,0.142857143,6,2,1.98735,-0.01,78.39,28.64,67.5,67.4929,69.0124,19.89949749,50.25125628,29.84924623,19.9780461,56.64105379,23.38090011,10.16,21.18,20.01,24.83,23.82,3.15,9.86,18.26,27.99,40.74,20.56,16.53,17.99,20.35,24.57,55,96,36,50,107,19,161,38,129,195,194,115,26,344,223,134,55,97,173,142,253,23,23,8,12,73,281,361,139,174,38,52,344,227,146,148,114,19,187,224,266,207
2024 Texas A&M,2024,Texas A&M,Texas A&M,East,9,In Progress,SEC,,#FFD198,#FFDEB6,#FFCF92,11.2,16.8123,14.59096899,0.839262098,0.286986258,7,116.501,8.382216605,115.9265481,4.2,99.6891,6.20875239,100.4077677,45.3,36.5,44.7,15.6,48.6,31.5,29.6,18.1,48.3,27,111.441,70.4,46.7,34,101.685,71.8,67.27210205,0.666666667,0.133333333,10,2,2.45165,-0.34,77.39,33.03,66.6,66.6452,65.1531,22.09205021,51.0460251,26.86192469,18.86446886,44.32234432,36.81318681,29.41,20.88,18.59,12.25,18.78,6.33,12.98,15.86,32.55,32.04,14.63,16.37,17.13,24.35,27.35,36,36,44,35,22,71,64,124,42,172,268,175,342,18,314,321,36,300,225,62,151,143,213,43,59,174,250,11,145,226,352,197,241,126,202,81,241,160,194,255,145,126
2024 Wake Forest,2024,Wake Forest,Wake Forest,East,10,In Progress,ACC,,#FFD096,#FFEBD2,#FFD6A2,10.2,16.5037,12.41318052,0.816188045,0.170992223,6.5,115.723,8.591623995,113.7602185,3.7,99.2191,3.821556529,99.92941221,55.2,32.2,28,16,47.2,28.4,27.8,17.6,53.7,38.4,114.593,80.1,45.2,34.3,97.8137,73.6,69.46503293,0.75,0.5,12,8,1.91348,1.95,77.96,24.07,69.6,69.5846,68.5414,18.93353941,48.84080371,32.22565688,18.12443643,53.20108206,28.67448151,25.29,21.6,24.71,15.38,12.92,7.89,5.62,12.36,38.83,35.15,11.95,16.19,13.3,24.71,33.72,50,23,80,37,28,63,31,60,180,237,130,211,100,232,193,166,50,13,12,164,327,62,209,124,207,7,36,52,127,38,308,349,184,335,284,19,191,278,203,347,135,25
2024 Kansas St.,2024,Kansas St.,Kansas St.,East,11,In Progress,Big 12,,#FFE5C6,#FFD6A3,#FFD5A2,8.7,13.1171,12.51072165,0.801363146,0.411470368,3.5,109.078,4.657156576,107.4153982,5.2,95.9607,7.853565073,95.1460867,50,36.2,37.5,20.6,46.2,24.9,30,18.1,52,31.4,107.396,73.5,44.8,32.4,96.3309,74.1,68.85994896,0.8,0.266666667,12,4,1.95382,0.7,76.77,24.51,68.1,67.9272,66.5371,21.03075644,48.54530341,30.42394015,16.65124884,49.76873265,33.5800185,22.22,19.62,20.64,19.84,17.59,5.63,11.51,16.25,34.39,32.08,11.03,12.55,20.8,29.32,26.17,48,84,31,57,104,31,120,40,81,244,184,286,225,74,234,267,48,310,83,155,317,242,303,297,257,91,95,120,185,145,177,240,278,176,193,53,240,311,317,136,35,155
2024 Ohio St.,2024,Ohio St.,Ohio St.,East,11,In Progress,Big 10,,#FFCC8B,#FFDFB8,#FFCC8C,8.3,15.1966,15.47803476,0.86968146,-0.563076938,5.4,115.059,9.460976128,115.3751157,2.9,99.8624,6.017058633,97.8203455,51,32.3,35.6,16.1,47.3,26.9,28,16.8,50.1,35.1,112.788,74.7,46.4,32.7,98.4001,67,68.06460748,0.875,0.3125,14,5,2.06682,0.02,77.55,31.07,67.2,67.1669,66.2585,19.12104857,49.65304549,31.22590594,16.00353669,54.2882405,29.70822281,24.49,20.66,13.82,21.01,19.88,4.05,11.47,25.95,15.91,42.49,13.95,21.04,19.22,15.57,30.08,30,29,51,47,36,75,46,75,173,212,157,308,66,198,283,285,30,113,166,124,193,114,89,177,89,174,161,73,153,346,129,159,324,177,30,341,85,185,36,184,349,65
2024 McNeese St.,2024,McNeese St.,McNeese St.,East,12,In Progress,Southland,,#FFE7C9,#FFFDFB,#FFEFDC,6.7,9.1526,4.660455258,0.73267882,0.540890276,4.2,112.536,4.37707655,111.7592068,2.5,103.384,0.283378709,102.3780294,53.2,39,30.6,13.6,48.4,28.6,29.3,19.5,48.7,42.1,114.137,68.8,46,33.9,100.456,74.9,66.72139624,0.5,0.25,6,3,2.15576,-1.04,76,21.43,65.5,65.5654,65.3895,20.12320329,50.30800821,29.5687885,18.10747664,38.78504673,43.10747664,31.35,12.55,19.61,17.68,18.76,17.92,5.92,10.76,40.01,25.34,21.32,13.44,13.89,28.49,22.81,112,90,162,83,64,134,33,110,120,192,208,213,362,1,330,314,112,336,314,107,348,335,270,339,328,307,300,5,354,192,254,198,12,327,314,14,328,17,302,335,50,263
2024 Drexel,2024,Drexel,Drexel,East,13,In Progress,CAA,,#FFF3E5,#FFE8CC,#FFE9CF,5.9,6.77066,6.431352076,0.66116791,-2.948857183,1.5,106.427,2.079970532,104.309274,4.4,99.6567,4.351381544,98.41857588,50.3,29.5,35.8,18.1,45.2,26.9,25.3,14,51.3,32.1,107.826,72.4,45.2,30.2,97.0493,71.3,65.98479169,0.4375,0.3125,7,5,1.94106,-0.69,77.51,38.9,65.6,65.6046,63.9747,17.52066116,57.68595041,24.79338843,17.47483989,51.78408051,30.7410796,21.17,18.86,15.81,17.24,26.79,5.53,11.78,12.9,19.57,50.05,16.44,14.16,20.81,18.66,29.77,98,138,82,103,153,70,112,47,243,30,310,256,147,165,349,349,98,72,276,157,34,120,41,72,102,307,209,161,215,304,266,15,280,164,270,297,14,95,280,135,309,72
2024 High Point,2024,High Point,High Point,East,14,In Progress,Big South,,#FFD9AB,#CEE1F1,#FFF4E7,2.8,3.7443,3.178716508,0.656827519,-1.69711401,5.1,114.276,6.885101119,115.3417255,-2.3,110.532,-3.706384611,109.0109236,52.6,45.4,38,16.7,50.8,35.1,22.5,13.3,54,33.5,117.797,78.2,48.8,36.2,107.079,73.8,70.12124777,0.3125,0.1875,5,3,1.03482,0.09,77.28,24.43,68.8,68.7763,68.1752,25.24866106,46.97781178,27.77352716,20.31905961,49.20235097,30.47858942,25.55,23.61,19.03,19.55,12.23,2.95,7.23,9.37,33.13,47.22,12.75,15.74,21.11,24.05,26.28,127,56,271,124,43,285,12,235,10,294,252,106,239,177,153,187,127,179,157,316,320,156,61,162,313,236,105,48,73,206,190,355,349,299,339,73,27,240,222,128,152,151
2024 Sam Houston St.,2024,Sam Houston St.,Sam Houston St.,East,15,In Progress,CUSA,,#EFF5FA,#FFFAF4,#FAFCFD,-1.7,-1.55187,-0.828588825,0.442250396,-4.012722928,-2.8,103.213,-1.755080897,102.0156013,1,104.764,0.926492072,104.0948618,45.9,37.1,29.5,18.2,52,36.6,27.7,19.8,44.4,32.4,99.1195,71.9,53.6,33,102.914,68.7,70.28282855,0.5625,0.3125,9,5,1.23437,-0.78,76.35,36.2,70.1,70.1424,69.4396,22.48888889,48.71111111,28.8,19.470538,50.55508113,29.97438087,16.96,24.26,16.91,23.88,18,6.01,18.86,21.59,22.62,30.92,16.44,15.35,18.13,24.72,25.36,179,216,147,183,212,160,273,147,38,240,229,147,197,189,138,117,179,199,288,291,74,308,320,127,299,322,221,283,58,284,60,226,261,23,84,244,262,94,236,220,133,174
2024 Saint Peter's,2024,Saint Peter's,Saint Peter's,East,16,In Progress,MAAC,,#D1E2F1,#FFE9CF,#F8FBFD,-2.6,-2.67826,-1.073155505,0.430201858,-2.785675707,-4.1,98.6621,-5.146994325,97.22287896,1.5,101.34,4.07383882,99.62799992,44.9,39,36,20.8,48.3,46.3,28,21.1,43.7,31.6,99.5763,76.4,49.6,30.9,97.3024,70.5,65.77280726,0.5,0.5,6,6,0.969803,-0.61,77.25,40.04,65.2,65.1827,63.6075,24.91103203,49.11032028,25.97864769,25.27339004,45.92952612,28.79708384,20.72,17.19,15.68,28.38,18.03,10.9,16.32,9.26,29.01,34.51,18.51,14.3,13.62,27.65,25.92,184,295,88,197,304,97,265,53,13,231,287,8,322,230,351,352,184,272,262,328,27,161,26,147,272,278,232,182,269,306,7,225,86,47,340,127,203,46,277,341,62,163
2024 Kansas,2024,Kansas,Kansas,South,1,In Progress,Big 12,,#FFC57D,#FFCD8E,#FFBC68,11.9,21.1173,20.27806956,0.896383537,3.026329032,6.1,114.572,10.60467724,112.6716995,5.8,93.4549,9.673392323,93.39656901,55.2,32.5,28.6,17.1,45.6,24.2,25.9,17,55.1,36.8,111.244,74.6,44.3,31.9,95.5385,69.3,70.28242165,0.6,0.466666667,9,7,2.94751,2.24,78.72,19.89,70.5,70.3433,68.7692,17.98806479,56.94799659,25.06393862,15.52238806,50.14925373,34.32835821,10.22,14.06,27.78,20.51,27.23,2.82,14.3,12.88,26.13,43.67,7.87,12.76,23.07,17.19,38.9,11,20,12,18,40,11,65,31,220,40,304,327,215,59,139,148,11,149,8,16,355,9,78,151,12,99,2,360,344,12,148,13,352,93,271,175,67,360,309,74,332,3
2024 North Carolina,2024,North Carolina,North Carolina,South,2,In Progress,ACC,,#FFC070,#FFC680,#FFB457,14,25.8468,22.55978139,0.933336053,2.985971366,7.5,117.81,11.68834972,116.6363672,6.6,91.9635,10.87143167,92.71906138,51.5,39.8,33.1,14.3,45,27,26,16.6,50.8,35.3,114.474,76,46,28.8,95.0033,74.4,72.1048321,0.9375,0.1875,15,3,3.18321,1.06,77.35,27.57,72.5,72.528,71.5944,22.68656716,49.55223881,27.76119403,18.25539568,51.79856115,29.94604317,27.05,16.2,16.51,16,24.2,5.16,12.83,12.03,25.12,44.79,12.72,12.41,15.33,22.93,36.54,6,12,7,5,16,5,32,26,35,217,255,205,145,191,54,47,6,193,55,4,272,150,262,271,140,79,53,28,302,293,296,44,289,134,289,195,55,244,321,315,187,7
2024 Illinois,2024,Illinois,Illinois,South,3,In Progress,Big 10,,#FFBF6E,#FFD49F,#FFBD6A,13.4,22.738,20.0065817,0.916223117,0.952231508,7.1,118.748,11.84719308,117.5655874,6.3,96.0105,8.159388617,95.48674382,53.5,33.1,36.2,16.7,43.7,23.4,27.1,13.6,54.8,34.4,115.076,73,42.2,31.4,95.2378,68.4,71.03156323,0.9375,0.25,15,4,2.9562,0.35,78.69,34.3,70.9,70.8641,70.3808,18.43917368,49.88523336,31.67559296,15.47729379,57.27525487,27.24745134,18.79,26.55,15.22,19.42,19.91,18.5,9.04,23.16,21.92,27.29,13.71,15.75,19,27.68,23.73,12,8,25,13,11,32,25,29,197,201,144,329,20,282,97,77,12,271,130,15,123,10,3,2,43,95,166,235,24,320,197,158,10,251,56,258,311,199,220,191,61,233
2024 Kentucky,2024,Kentucky,Kentucky,South,4,In Progress,SEC,,#FFB962,#FFE0BA,#FFC173,11.8,20.9248,18.72868181,0.889958037,1.136638591,8.8,119.616,12.86804182,119.2302254,3,98.691,5.860639996,99.41370523,57,30.1,28.2,12.8,48.1,31.7,28.5,17.7,55.3,39.8,120.05,73.8,49,31.3,99.6988,68.6,73.70384985,0.733333333,0.2,11,3,1.92768,0.81,78.36,29.21,74.7,74.6562,73.6562,16.29955947,49.77973568,33.92070485,18.42105263,47.36842105,34.21052632,23.08,22.04,24.02,14.38,16.45,5.21,6.65,23.86,34.34,29.83,24.24,13.64,15.7,22.76,23.61,17,9,54,19,8,54,5,96,296,205,77,197,287,61,21,13,17,167,73,162,240,26,26,78,25,48,112,100,110,47,331,277,287,315,51,55,278,7,296,303,193,241
2024 Oklahoma,2024,Oklahoma,Oklahoma,South,5,In Progress,Big 12,,#FFD39D,#FFD49E,#FFC985,10.6,19.4328,16.30537806,0.89001286,1.459648273,5.6,114.359,8.008425275,112.9778912,5,94.9264,8.296952785,94.19594648,55.7,33.2,33.1,18.4,44.4,28,25.6,18,57.7,35,114.028,75.9,46,27.6,92.6634,76.2,69.60074138,0.875,0.125,14,2,1.9756,0.19,77.63,31.01,70.1,70.1438,68.0658,18.42310695,51.83450429,29.74238876,19.36720997,54.45829338,26.17449664,21.58,14.56,23.71,18.87,21.24,2.28,2.37,13.51,28.33,53.42,13.9,15.13,17.16,28.71,25,26,43,27,20,42,21,34,9,199,152,199,153,61,308,180,194,26,16,148,145,194,104,53,79,218,219,99,141,337,54,218,119,358,361,254,141,6,190,247,254,45,190
2024 Auburn,2024,Auburn,Auburn,South,6,In Progress,SEC,,#FFB456,#FFC47A,#FFAC43,15,26.266,25.19560751,0.953557126,1.847018148,8.3,118.854,13.82061891,119.7911241,6.7,92.5881,11.3749886,92.10866738,53.2,39.3,34.1,14.1,43.3,36.4,27.4,19.8,55.1,33.5,117.591,75.5,42.5,29.7,91.8969,74.2,71.46224704,1.125,0.25,18,4,2.06722,0.72,77.64,45.41,71.4,71.418,71.14,21.78438662,49.66542751,28.55018587,23.78686965,47.95432921,28.25880114,21.06,18.83,15.56,18.96,25.52,5.07,9.37,19.28,23.61,42.55,11.62,16.93,14.21,24.24,32.92,4,7,5,4,9,6,13,7,53,210,234,19,273,248,79,56,4,238,82,123,9,103,220,150,54,112,76,166,219,309,213,23,293,242,122,222,82,290,171,330,147,32
2024 Utah St.,2024,Utah St.,Utah St.,South,7,In Progress,MWC,,#FFDDB3,#FFDDB2,#FFD5A0,8,16.0641,12.75915837,0.843612284,2.57307635,5.1,114.004,6.223933568,112.7426003,3,97.9395,6.5352248,97.3735645,54,38.7,31.2,15.6,48.4,32.7,24.5,18.3,58.1,30.4,113.931,71.2,51.8,28.3,97.1007,69.1,71.195284,0.866666667,0.066666667,13,1,2.42562,0.7,77.37,26.15,70.1,70.1097,69.3547,20.29826015,57.82932891,21.87241094,18.93203883,55.14563107,25.9223301,15.68,22.82,17.93,26.91,16.58,4.98,15.48,11.15,39.32,29,16.54,19.46,13.96,28.74,21.21,45,63,41,41,47,46,35,48,111,25,339,171,48,315,86,121,45,192,84,69,299,147,80,213,329,101,89,316,85,246,19,271,296,63,310,17,288,90,77,333,43,300
2024 Utah,2024,Utah,Utah,South,8,In Progress,Pac 12,,#FFD39D,#FFDEB5,#FFD095,9.9,18.4314,14.25727256,0.900751279,1.356207458,5.6,116.868,7.991218096,117.3043604,4.2,98.4363,6.266054463,96.83229952,54.9,28.4,28.5,16.1,48.2,24.4,26,16.1,53.7,37.9,112.214,67.4,46.3,34.2,98.0639,64,71.86738014,1,0.235294118,17,4,2.48245,2.71,79.22,30.13,71.8,71.7338,71.0293,14.83918129,51.60818713,33.55263158,13.93989983,50.75125209,35.30884808,13.51,18.5,20.06,23.94,23.81,7.41,14.94,7.03,43.63,26.74,13.31,16.36,16.6,28.56,24.99,37,41,32,24,19,52,51,64,341,159,91,354,188,48,60,62,37,5,2,53,221,2,39,24,28,4,4,346,232,171,58,53,200,76,355,5,318,220,196,279,49,191
2024 Mississippi St.,2024,Mississippi St.,Mississippi St.,South,9,In Progress,SEC,,#FFDDB3,#FFC883,#FFC782,9.8,18.0169,16.79284989,0.898860481,0.799110849,3.3,111.312,6.234586447,111.0310332,6.6,93.295,10.55826344,91.82110612,51.7,39.1,33.8,18.8,45,33.1,26.7,19.1,54.1,32.1,107.866,71,47.2,27.7,93.2674,70.3,69.34697194,0.375,0.1875,6,3,2.43059,0.3,76.86,33.38,69.7,69.6703,68.6096,21.17940199,49.16943522,29.65116279,20.54001929,50.53037608,28.92960463,28.13,18.72,15.95,16.37,20.69,5.67,7.92,19.15,23.45,43.6,13.34,12.39,17.51,26.21,30.39,23,59,8,29,72,9,111,14,68,229,202,100,199,226,202,161,23,194,137,67,141,224,305,284,114,174,103,20,222,302,291,137,276,286,124,226,69,216,323,242,97,57
2024 Northwestern,2024,Northwestern,Northwestern,South,10,In Progress,Big 10,,#FFDAAC,#FFE7CA,#FFDAAB,7.9,13.3715,11.25745235,0.814388395,1.199701996,5.1,113.116,6.751386848,112.2074931,2.8,99.7444,4.506065504,98.66794459,53.8,28.2,25.8,14.4,50.8,37.4,29.2,21,52.8,37.1,111.012,72.4,49.6,35.2,101.675,74.1,66.43207636,0.1875,0.5625,3,9,2.65424,0.28,77.35,23.56,65.1,65.1284,64.4048,15.92465753,52.2260274,31.84931507,21.40186916,46.91588785,31.68224299,25.24,19.62,20.11,20.5,14.51,8.95,7.48,11.01,30.25,42.25,15.41,18.97,20.02,23.84,21.72,58,57,77,54,58,73,69,123,310,136,141,71,299,128,338,336,58,121,140,32,332,149,89,202,244,255,64,54,184,164,149,325,151,294,311,103,93,128,94,156,161,290
2024 Providence,2024,Providence,Providence,South,11,In Progress,Big East,,#FFF4E8,#FFD299,#FFDCB0,8.1,13.3586,10.56207499,0.835882869,-0.500369136,1.5,106.791,1.865827881,104.8665368,6.6,93.4326,8.696247113,91.02473078,52,31.8,26.3,18.4,44.9,26.7,25.6,17.7,54.5,32.4,102.764,67.4,43.1,32.4,93.6495,74,69.40095781,0.75,0.5625,12,9,2.12432,-0.05,77.73,28.35,69.6,69.5685,68.6812,17.11273317,49.7972425,33.09002433,18.01962533,53.88046387,28.09991079,21.44,16.01,19.26,18.34,24.88,9.6,14.67,22.68,22.4,30.51,18.04,19.64,18.51,18.83,24.9,66,106,19,55,147,10,206,18,261,204,104,218,79,253,199,152,66,100,176,114,262,88,51,106,81,174,180,149,312,202,235,32,130,84,63,248,269,55,71,207,307,194
2024 Texas Tech,2024,Texas Tech,Texas Tech,South,11,In Progress,Big 12,,#FFC277,#FFDFB6,#FFC67E,10.7,17.9193,17.34767627,0.875147348,1.586612622,6.1,115.547,11.15326983,114.7883974,4.6,97.6272,6.194406443,96.90815042,53.7,34.2,32.4,15.7,47.8,23.9,28.9,19,53.7,35.7,115.589,77.9,47.6,32.1,96.1283,66.7,67.38455735,0.4375,0.3125,7,5,2.47541,-0.18,76.58,25.67,66.7,66.6918,66.392,19.88727858,47.50402576,32.60869565,14.27193828,50.72324012,35.0048216,22.67,23.66,17.94,16.86,18.74,5.54,7.2,14.88,26.81,45.39,14.19,15.41,16.22,24.24,29.8,22,16,47,30,31,43,20,36,130,275,120,350,189,54,310,277,22,111,188,56,302,276,242,285,302,320,98,109,72,245,277,199,279,300,219,168,49,175,233,289,148,70
2024 Indiana St.,2024,Indiana St.,Indiana St.,South,12,In Progress,MVC,,#FFCB8B,#FFF2E2,#FFD7A6,8.1,14.5935,11.95480148,0.882178654,1.259059175,6.3,115.573,9.479461342,117.2152029,1.9,100.98,2.475340137,98.39092081,61.1,36.5,23.1,17.4,48.6,28.3,25.7,17.5,60.2,41.3,118.093,78.1,48.9,32.1,100.05,75.3,72.78939723,0.875,0.1875,14,3,2.05475,0.2,76.61,22.93,72.9,72.943,72.3411,18.92675852,40.17403916,40.89920232,17.96407186,55.60307956,26.43284859,23.27,15.25,18.46,20.26,22.61,6.05,11.83,18.58,32.25,31.09,13.65,10.83,21.33,23.87,30.15,53,28,118,48,29,92,11,103,181,360,8,222,43,299,37,29,53,40,147,126,338,270,327,209,273,146,143,93,326,231,162,84,260,160,139,85,255,202,354,125,160,64
2024 UC Irvine,2024,UC Irvine,UC Irvine,South,13,In Progress,Big West,,#FFF0DD,#FFDFB7,#FFE1BC,6,10.8488,8.914637051,0.730596364,-0.704980809,1.8,107.195,2.751531945,105.6100668,4.2,96.3462,6.163105106,96.83432122,52.2,34.9,30.4,18.2,45.4,35.4,27.2,17,50.8,37.3,107.105,73.5,43.9,32.2,96.7136,71.4,69.72293906,0.3125,0.3125,5,5,1.76959,0.49,77.12,41.5,69.2,69.1217,68.4115,19.71595656,56.47451963,23.80952381,21.77942539,50.97312326,27.24745134,19.89,22.14,15.64,19.47,22.73,3.15,12.72,20.18,20.13,43.62,10.78,17.28,17.42,25.44,28.91,78,118,49,73,139,35,126,46,139,47,319,60,178,282,176,174,78,252,104,192,16,179,198,169,313,281,29,211,105,308,195,81,345,135,105,290,68,317,156,246,114,90
2024 Vermont,2024,Vermont,Vermont,South,14,In Progress,America East,,#FFF1E0,#FFFAF5,#FFF4E6,4.1,3.32382,3.352348666,0.589951482,-1.945057099,3.6,108.19,2.529410728,107.1659033,0.5,104.866,0.822937938,103.8291136,53.4,26.4,22,13.9,48.4,24.9,25.9,13.4,53.7,35.4,108.697,69.5,46.1,35,103.105,72.2,66.05776824,0.625,0.5,10,8,2.27435,-0.96,76.83,36.81,64.3,64.3234,64.0556,14.66905188,47.22719141,38.10375671,15.64561734,51.27238454,33.08199811,16.42,23.69,20.05,19.29,20.41,14.58,9.72,18.61,27.7,29.27,17.02,21,20.46,20.97,20.44,123,122,141,130,118,162,101,152,346,283,25,322,169,91,347,346,123,274,306,89,63,230,184,100,239,247,322,295,70,172,201,143,41,232,137,154,283,81,39,148,245,310
2024 Troy,2024,Troy,Troy,South,15,In Progress,Sun Belt,,#F5F9FC,#FFF6EC,#FFFDFA,1.6,1.67863,0.576242515,0.561433486,-3.262967961,-0.5,104.844,-1.047341254,103.4757205,2.1,103.166,1.62358377,101.2770996,48.9,41.8,35.6,20.3,49.4,40,30.6,20.2,45.8,35.7,105.571,72.8,48.5,34.2,100.924,68.1,71.6242479,0.5,0.285714286,7,4,0.815413,-0.24,77.12,36.63,70.8,70.8316,70.9339,23.71615313,42.39028945,33.89355742,21.61635833,51.21713729,27.16650438,23.63,28.43,17.66,13.96,16.27,11.5,17.73,13.11,28.7,28.86,17.64,18.32,17.6,19.29,27.05,153,198,130,142,183,129,162,116,23,354,78,63,171,286,70,65,153,26,199,340,66,178,116,213,210,111,292,88,16,251,341,284,77,31,267,135,290,68,114,237,293,134
2024 Merrimack,2024,Merrimack,Merrimack,South,16,In Progress,NEC,,#C4DAED,#FFEBD2,#EEF4FA,-2.4,-4.7483,-2.877258043,0.434653936,-5.12182294,-4.8,96.1659,-6.668708607,95.8204969,2.3,100.914,3.791450564,98.03616419,49.1,34.5,22,19.7,46.6,34.6,36.6,22.8,52.1,29.9,96.0673,71.8,45,33.3,98.2716,73.1,68.47340578,0.357142857,1,5,14,1.72419,-0.32,76.68,32.07,68.6,68.4587,67.4034,20.16965127,49.57587182,30.25447691,21.34935305,52.31053604,26.34011091,19.53,22.43,27.01,13.92,17.04,11.98,13.97,23.76,20.99,29.14,10.38,17.41,24.55,19,28.55,205,316,94,229,327,89,308,70,119,216,187,74,128,304,259,231,205,64,219,207,174,259,309,158,213,263,173,223,94,16,342,256,63,99,52,272,286,324,148,46,301,97
2024 Western Illinois,2024,Western Illinois,Western Illinois,South,16,In Progress,OVC,,#CADEEF,#F8FAFC,#D9E7F4,-3.7,-6.04182,-6.51487243,0.354558101,-2.7872024,-3.9,99.8351,-5.98283068,98.0538806,0.2,105.877,-0.532041751,103.2971268,46.8,36.7,37.8,21.6,47.4,28.4,27.9,13.9,45.7,32.9,98.6541,62.3,48.2,30.4,102.845,67.8,67.84584654,0.214285714,0.5,3,7,1.06561,0.34,77.54,27.54,66.5,66.2908,65.1054,19.63322546,55.44768069,24.91909385,16.88980433,57.46652935,25.64366632,25.25,21.9,22.55,14.7,15.55,4.52,10.72,18.69,21.08,44.93,9.36,19.04,20.55,14.27,36.72,266,307,179,249,289,180,280,146,144,62,308,274,17,317,292,323,266,297,133,312,274,115,163,40,190,266,52,53,115,84,325,296,310,199,134,270,52,347,93,144,355,5
2024 Houston,2024,Houston,Houston,West,1,In Progress,Big 12,,#FFC379,#FF9E24,#FF9D22,21.2,32.4765,29.67571849,0.983128294,2.708401866,8.3,117.709,10.99694738,116.1052771,12.9,85.2327,18.67877112,81.53319567,50.4,31,40.9,14.6,40.8,40.4,28.9,26.6,49.7,34.4,116.386,66.9,40.5,27.4,80.2223,63.2,66.61380091,1.3125,0.25,21,4,2.17019,-1.36,76.08,37.1,64.4,64.3477,64.0803,17.05685619,51.83946488,31.10367893,23.84428224,44.76885645,31.38686131,26.23,19.8,21.09,17.03,15.74,6.98,13.52,20.6,26.47,32.3,12.04,19.44,18.83,24.7,24.85,1,15,1,1,18,1,17,1,264,151,160,16,337,136,333,345,1,4,345,105,57,331,173,334,330,283,347,37,178,126,271,293,215,113,96,172,234,273,78,195,136,195
2024 Arizona,2024,Arizona,Arizona,West,2,In Progress,Pac 12,,#FFB04D,#FFC174,#FFA83A,17.1,28.9002,26.49325897,0.964952433,2.856149441,9.7,120.314,14.60675288,119.4188717,7.4,91.414,11.88650609,89.50942897,55.5,33.2,37.6,16.3,48.7,24.9,20.1,18.9,54.9,37.8,118.461,72.7,47.8,33.3,93.4847,69.2,75.07457907,1.25,0.125,20,2,2.22852,1.62,78.18,31.93,75.8,75.822,74.3134,17.88896504,56.20287868,25.90815627,15.04347826,50.7826087,34.17391304,15.38,22.3,17.2,21.14,23.98,4.82,8.86,15.1,26.82,44.39,12.33,18.54,17.03,21.6,30.49,3,6,4,2,5,3,9,16,225,54,288,337,186,62,5,8,3,2,20,98,175,36,62,119,176,148,5,323,97,268,122,48,300,258,217,165,57,263,111,262,227,56
2024 Memphis,2024,Memphis,Memphis,West,3,In Progress,AAC,,#FFD096,#FFE3C1,#FFD198,8.4,15.2784,13.80493881,0.77980315,3.108545803,4.5,114.163,8.571224756,111.9638762,3.9,98.8842,5.233714053,100.3052523,53.8,39.3,30.3,17.8,48.5,26.7,32.8,19.4,53.5,36.3,110.74,74.2,48.1,32.7,100.717,70.2,73.32350801,0.647058824,0.117647059,11,2,2.56482,0.36,77.83,32.43,72.6,72.614,72.6798,21.29496403,48.05755396,30.64748201,16.21835443,46.99367089,36.78797468,19.5,14.88,29.82,15.63,20.17,6.66,8.67,25.16,16.5,43.01,15.07,16.08,23.38,17.56,27.91,38,37,62,45,45,59,70,114,64,260,172,300,296,20,26,24,38,354,129,44,169,71,155,34,53,92,168,224,334,3,304,149,231,266,40,332,74,141,207,65,326,114
2024 Marquette,2024,Marquette,Marquette,West,4,In Progress,Big East,,#FFCE91,#FFCF94,#FFC378,12.5,21.1432,18.09473765,0.916723397,1.559284776,6.5,115.281,8.986190265,114.5676082,6.1,94.1374,9.108547389,92.99892026,52.8,27.3,27.2,14.4,50.1,27.1,28.8,23.3,56.7,31.6,110.103,73.8,49.8,33.6,96.5279,71.3,71.31668986,0.875,0.3125,14,5,2.07473,1.18,77.66,30.37,70.3,70.3184,70.5686,16.03343465,51.82370821,32.14285714,16.17391304,46.7826087,37.04347826,21.68,17.41,21.82,17.83,21.12,9.51,17.93,11.87,17.79,42.71,19.75,16.96,18.38,20.94,23.83,19,30,13,17,33,15,75,44,306,153,134,302,304,15,82,70,19,62,49,121,213,100,189,152,190,83,37,139,263,109,250,122,134,30,295,317,80,29,170,212,248,228
2024 Alabama,2024,Alabama,Alabama,West,5,In Progress,SEC,,#FFA93D,#FFDCB0,#FFB557,15.7,25.5702,22.52659582,0.955464943,1.236343442,11.4,124.438,15.84629922,127.0478271,4.3,98.8677,6.680296593,97.31583758,58.3,38.3,34.9,16.4,48,35.1,28.3,16.9,57.8,39.2,124.509,77.7,48.8,31.1,101.658,71.1,73.39520954,1.1875,0.375,19,6,2.41414,2.31,78.37,34.44,72.6,72.4688,72.0678,20.33310201,40.94378904,38.72310895,20.642978,50.42301184,28.93401015,26.4,16.86,16.68,19.68,20.28,14.82,12.28,17.56,37.44,17.82,17.62,18.12,17.96,23.02,23.16,7,3,43,6,1,58,1,122,110,357,20,96,207,225,24,35,7,18,5,72,117,24,127,213,44,1,37,36,278,288,183,146,36,145,160,25,359,69,121,226,185,254
2024 Iowa St.,2024,Iowa St.,Iowa St.,West,6,In Progress,Big 12,,#FFDAAC,#FFBC67,#FFBE6C,15.5,23.1125,19.75246962,0.946928274,0.628510055,6.5,112.649,6.777884562,112.8953176,9.1,89.5367,12.97458506,87.87267633,54.6,39.7,32.9,15.2,45.9,31.6,24.6,26.6,55.5,35,116.6,70.6,42.9,32.8,83.773,70.3,70.26124737,1.133333333,0.266666667,17,4,2.03778,0.3,77.43,30.15,69.8,69.7367,69.3815,20.42846213,55.70007651,23.87146136,19.48608137,40.04282655,40.47109208,20.94,20.6,19.93,19.49,19.04,15.43,9.72,18.69,14.46,41.7,22.05,19.34,22.43,17.34,18.84,14,58,3,12,63,2,15,2,102,59,318,144,359,2,141,120,14,3,138,129,220,133,154,145,158,93,181,171,156,179,193,190,31,233,135,348,100,12,81,89,330,338
2024 St. John's,2024,St. John's,St. John's,West,7,In Progress,Big East,,#FFCD8F,#FFDCAF,#FFCA88,10.2,17.293,15.92185444,0.904300729,1.372671706,6,115.277,9.142924746,115.9260462,4.2,97.9835,6.778929691,95.35934585,50.3,27.8,40.4,16.7,46.8,33.3,31.4,18.4,49.7,34.3,111.904,70.9,46.2,31.9,99.5305,71.8,71.74159482,0.823529412,0.235294118,14,4,3.17912,0.39,78.03,33.37,70.3,70.2897,70.4357,16.37995512,56.24532536,27.37471952,20.37037037,51.34680135,28.28282828,21.3,18.92,16.07,17.41,26.2,6.24,10.15,22.31,16.38,44.79,12.8,14.97,24.47,16.94,30.72,28,33,42,34,34,47,55,94,293,52,258,104,165,247,63,76,28,235,117,5,142,52,14,79,130,214,68,152,213,300,263,18,248,221,71,337,54,236,252,49,334,54
2024 Florida Atlantic,2024,Florida Atlantic,Florida Atlantic,West,8,In Progress,AAC,,#FFBC69,#FFE4C2,#FFC57D,11,18.9131,17.42439823,0.878353222,1.160004813,8.5,118.474,12.2743368,118.0127229,2.6,99.5607,5.150061436,99.37352436,56.1,32.7,34.5,16.6,48.9,25.6,30.1,17.6,57.3,36.2,118.112,69.6,48.3,33.2,101.41,72.2,69.2938599,0.8125,0.4375,13,7,2.58936,-0.24,76.59,30.75,68.9,68.9237,68.079,16.85714286,51.85714286,31.28571429,15.90720795,53.02402651,31.06876553,16.48,15.95,23.9,18.25,25.38,8.52,15.8,15.36,25.36,34.89,14.21,17.01,23.07,16.66,28.98,21,10,64,21,12,69,10,121,272,149,154,312,108,151,205,193,21,25,201,43,198,272,207,263,344,358,34,293,315,50,238,27,166,57,213,189,196,174,166,75,340,88
2024 Seton Hall,2024,Seton Hall,Seton Hall,West,9,In Progress,Big East,,#FFDFB8,#FFE4C3,#FFDBAE,6.3,12.4651,10.88655803,0.761546366,0.582543356,3.4,113.204,5.80984724,111.9106926,2.9,100.739,5.076710785,101.1626204,51.4,31.7,38.1,19.7,48.6,28.2,30.8,19,52.7,32.3,109.426,76.6,46.6,34.2,102.728,77.6,67.82525972,0.764705882,0.352941176,13,6,3.02122,-0.05,77.69,23.23,67.3,67.3169,66.3016,19.08945687,58.14696486,22.76357827,18.36037575,45.77284372,35.86678053,20.67,15.48,23.31,24.03,16.42,6.27,15.66,13.88,19.18,44.83,11.43,19.06,23.38,20.81,25.21,62,61,61,64,56,88,86,145,176,21,331,201,326,30,293,281,62,146,175,11,334,95,58,70,118,302,79,185,323,68,56,279,245,59,244,302,53,296,92,66,254,178
2024 BYU,2024,BYU,BYU,West,10,In Progress,Big 12,,#FFC883,#FFCF92,#FFBF6F,13.4,23.6945,19.39170658,0.936526661,0.914025879,7.3,116.345,10.10505011,116.0084841,6.1,92.6504,9.286656471,91.80023,57.1,20.9,34.9,15.2,44.4,27.9,21.5,18.1,58.7,37,120.984,72.1,46.4,27.1,89.0407,68.2,71.05320626,1.066666667,0.2,16,3,1.97421,1.26,78.48,36.94,70.8,70.7945,69.2978,11.67883212,44.96350365,43.35766423,17.62376238,56.83168317,25.54455446,14.79,20.31,23.13,24.4,17.35,12.65,16.73,24.88,18.72,26.97,14.63,21.03,19.34,19.43,25.54,15,24,14,11,23,7,4,3,362,330,2,244,23,319,96,124,15,32,39,146,59,16,15,22,170,69,37,335,166,72,45,245,59,40,42,308,315,159,38,178,289,171
2024 Grand Canyon,2024,Grand Canyon,Grand Canyon,West,11,In Progress,WAC,,#FFDFB8,#FFE4C3,#FFDBAE,7.4,13.2102,10.88466144,0.747004281,1.600769617,5,113.114,5.787428174,110.219658,2.4,99.904,5.09723327,100.3162387,53.7,44.7,36.2,18.1,46.5,32,27.9,19.3,55.5,33.5,114.61,74.7,45.9,31.9,96.258,70.2,69.88524073,0.8125,0.25,13,4,2.39786,0.15,78.43,23.65,69.2,69.2047,68.3577,23.71946414,51.69424744,24.58628842,19.45488722,53.19548872,27.34962406,20.97,15.85,23.23,25.31,14.55,5.79,11.16,26.52,28.13,28.29,13.97,15.53,24.54,22.08,23.79,63,73,68,56,59,77,29,39,22,154,315,149,101,276,170,177,63,218,153,74,330,19,4,47,12,126,184,170,316,71,33,321,268,186,27,146,298,183,230,47,213,229
2024 Princeton,2024,Princeton,Princeton,West,12,In Progress,Ivy,,#FFCC8B,#FFFAF5,#FFDDB2,8.8,13.8686,10.29582889,0.826536993,1.853525381,7.6,118.22,9.465220701,119.4971769,1.1,104.352,0.830608192,104.3269003,56.7,25.5,27.1,13.3,49.9,24.5,27.4,17.5,58.8,36.4,119.811,78.6,49.4,33.9,101.959,76.8,66.59748098,0.75,0.333333333,9,4,1.33815,-1.27,76.41,16.58,64.7,64.7413,64.342,15.02487562,44.37810945,40.59701493,15.88785047,53.97196262,30.14018692,14.74,30.2,18.27,21.29,15.39,10.04,15.49,6.89,33.37,34.02,14.98,22.87,13.65,34.72,13.62,68,27,134,51,13,150,6,134,335,337,9,314,77,185,335,337,68,249,336,275,362,298,202,198,284,212,355,336,4,235,115,304,113,62,357,69,211,145,10,340,4,361
2024 Akron,2024,Akron,Akron,West,13,In Progress,MAC,,#FFECD5,#FFE9CD,#FFE5C6,5.7,7.81446,7.625580884,0.632545501,-0.974977666,3.2,109.111,3.425718103,106.2244618,2.5,101.297,4.199862781,101.3240457,53.9,35.5,29.8,18,49.6,28.9,28.3,18.3,55.5,34.4,108.85,70.7,50,32.6,100.181,67.5,68.51607856,0.642857143,0.214285714,9,3,2.73392,-0.6,76.4,31.45,67,67.0101,66.031,18.89534884,48.8372093,32.26744186,16.43835616,54.16227608,29.39936776,12.34,17.61,16.6,29.34,24.06,8.7,9.16,19.85,43.59,18.65,15.61,11.69,15.65,43.2,13.83,91,109,85,97,101,96,95,106,183,238,129,295,74,213,251,294,91,263,257,28,183,300,249,247,343,234,266,353,254,290,4,46,158,247,111,6,357,118,339,305,1,360
2024 Oakland,2024,Oakland,Oakland,West,14,In Progress,Horizon,,#FFF3E4,#DDEAF5,#FCFDFE,1.6,1.64319,-0.38599082,0.605542157,-2.545856662,2.4,107.717,2.15717655,107.6082552,-0.9,106.074,-2.54316737,103.6714501,51.4,31.4,29.8,16.9,52.3,29.6,28.1,17,52.4,33.1,107.479,71.9,51.2,35.8,107.139,74.2,69.46969321,0.526315789,0.473684211,10,9,2.10047,-1.33,76.42,30.07,69.3,69.2113,68.8631,18.00281294,51.1954993,30.80168776,17.36357193,46.91708009,35.71934798,19.06,18.4,17.14,24.45,20.82,9.33,6.66,27.04,24.93,31.9,14.71,15.93,21.54,28.72,18.97,170,135,247,144,126,185,119,240,219,170,169,261,298,35,192,141,170,352,341,118,223,296,129,213,333,325,331,231,237,269,43,132,138,314,22,197,242,157,212,122,44,336
2024 Denver,2024,Denver,Denver,West,15,In Progress,Summit,,#FFDFB8,#A8C9E6,#FAFCFD,-4.9,-0.42465,-0.809284307,0.485468665,-3.965028543,1.3,112.654,5.787370512,112.8769183,-6.2,113.079,-6.596654818,113.4490466,52.7,39.4,31,13.4,54.2,29.2,26.9,13.4,49.4,39.1,116.159,72.5,54.1,36.2,112.823,68.7,71.62379862,0.357142857,0.357142857,5,5,1.98803,0.94,77.65,28.28,70.9,70.872,70.7615,21.31287298,46.71781756,31.96930946,15.64147627,55.88752197,28.47100176,24.52,25.36,13.38,16.48,20.19,9.07,10.58,9.75,23.43,47.06,15.48,21.69,13.34,21.4,28.02,178,74,326,171,62,330,19,328,63,300,140,323,40,241,71,69,178,195,66,141,264,101,224,171,62,70,74,72,40,349,284,147,147,203,335,228,31,124,25,345,232,111
2024 Kennesaw St.,2024,Kennesaw St.,Kennesaw St.,West,16,In Progress,ASUN,,#F8FAFD,#F3F8FB,#F5F9FC,-0.6,-2.61532,-1.607898637,0.396014019,-2.809377764,-1.6,104.355,-0.752760116,102.9128424,1,106.97,-0.855138521,106.7603825,51.4,37.5,29.4,16.3,50.9,42.4,32.2,19.9,52.9,33,106.81,67.3,51.7,33,106.14,71.9,75.85695552,0.214285714,0.5,3,7,1.93035,-0.26,76.66,28.37,76.9,76.9491,76.2841,19.68911917,47.15025907,33.16062176,23.05025997,49.39341421,27.55632582,24.82,22.16,18.94,16.28,17.76,8.87,6.9,14.09,26.63,43.4,16.42,11.96,19.41,26.35,25.81,193,189,190,195,189,211,133,217,142,287,101,31,235,271,1,1,193,116,207,161,261,262,333,260,61,142,262,69,103,211,293,235,152,306,237,171,70,97,337,173,93,165